cd,PVI,Member,Party,Status
Alabama 2,D+4[h],None (new district),,New member to be elected.
Alabama 3,R+23[h],Mike Rogers,Republican,Incumbent running unopposed.
Alabama 4,R+33[h],Robert Aderholt,Republican,Incumbent running unopposed.
Alabama 5,R+17[h],Dale Strong,Republican,Incumbent running unopposed.
Alabama 6,R+22[h],Gary Palmer,Republican,Incumbent renominated.
Alabama 7,D+12[h],Terri Sewell,Democratic,Incumbent renominated.
Alaska at-large,R+8,Mary Peltola,Democratic,Incumbent advanced to general.
Arizona 1,R+2,David Schweikert,Republican,Incumbent renominated.
Arizona 2,R+6,Eli Crane,Republican,Incumbent renominated.
Arizona 3,D+24,Ruben Gallego,Democratic,"Incumbent retiring to
run for U.S. Senate."
Arizona 4,D+2,Greg Stanton,Democratic,Incumbent renominated.
Arizona 5,R+11,Andy Biggs,Republican,Incumbent renominated.
Arizona 6,R+3,Juan Ciscomani,Republican,Incumbent renominated.
Arizona 7,D+15,Raúl Grijalva,Democratic,Incumbent renominated.
Arizona 8,R+10,Debbie Lesko,Republican,"Incumbent retiring to run for the
Maricopa County Board of Supervisors."
Arizona 9,R+16,Paul Gosar,Republican,Incumbent renominated.
Arkansas 1,R+22,Rick Crawford,Republican,Incumbent renominated.
Arkansas 2,R+9,French Hill,Republican,Incumbent renominated.
Arkansas 3,R+15,Steve Womack,Republican,Incumbent renominated.
Arkansas 4,R+20,Bruce Westerman,Republican,Incumbent renominated.
California 1,R+12,Doug LaMalfa,Republican,Incumbent advanced to general.
California 2,D+23,Jared Huffman,Democratic,Incumbent advanced to general.
California 3,R+4,Kevin Kiley,Republican,Incumbent advanced to general.
California 4,D+17,Mike Thompson,Democratic,Incumbent advanced to general.
California 5,R+9,Tom McClintock,Republican,Incumbent advanced to general.
California 6,D+7,Ami Bera,Democratic,Incumbent advanced to general.
California 7,D+17,Doris Matsui,Democratic,Incumbent advanced to general.
California 8,D+26,John Garamendi,Democratic,Incumbent advanced to general.
California 9,D+5,Josh Harder,Democratic,Incumbent advanced to general.
California 10,D+18,Mark DeSaulnier,Democratic,Incumbent advanced to general.
California 11,D+37,Nancy Pelosi,Democratic,Incumbent advanced to general.
California 12,D+40,Barbara Lee,Democratic,"Incumbent retiring to
run for U.S. Senate.
Democratic hold."
California 13,D+4,John Duarte,Republican,Incumbent advanced to general.
California 14,D+22,Eric Swalwell,Democratic,Incumbent advanced to general.
California 15,D+28,Kevin Mullin,Democratic,Incumbent advanced to general.
California 16,D+26,Anna Eshoo,Democratic,"Incumbent retiring.
Democratic hold."
California 17,D+23,Ro Khanna,Democratic,Incumbent advanced to general.
California 18,D+21,Zoe Lofgren,Democratic,Incumbent advanced to general.
California 19,D+18,Jimmy Panetta,Democratic,Incumbent advanced to general.
California 20,R+16,Vince Fong,Republican,Incumbent running unopposed.
California 21,D+9,Jim Costa,Democratic,Incumbent advanced to general.
California 22,D+5,David Valadao,Republican,Incumbent advanced to general.
California 23,R+8,Jay Obernolte,Republican,Incumbent advanced to general.
California 24,D+13,Salud Carbajal,Democratic,Incumbent advanced to general.
California 25,D+6,Raul Ruiz,Democratic,Incumbent advanced to general.
California 26,D+8,Julia Brownley,Democratic,Incumbent advanced to general.
California 27,D+4,Mike Garcia,Republican,Incumbent advanced to general.
California 28,D+16,Judy Chu,Democratic,Incumbent advanced to general.
California 29,D+26,Tony Cárdenas,Democratic,Incumbent retiring.
California 30,D+23,Adam Schiff,Democratic,"Incumbent retiring to
run for U.S. Senate."
California 31,D+15,Grace Napolitano,Democratic,Incumbent retiring.
California 32,D+20,Brad Sherman,Democratic,Incumbent advanced to general.
California 33,D+12,Pete Aguilar,Democratic,Incumbent advanced to general.
California 34,D+32,Jimmy Gomez,Democratic,Incumbent advanced to general.
California 35,D+13,Norma Torres,Democratic,Incumbent advanced to general.
California 36,D+21,Ted Lieu,Democratic,Incumbent advanced to general.
California 37,D+37,Sydney Kamlager-Dove,Democratic,Incumbent advanced to general.
California 38,D+14,Linda Sánchez,Democratic,Incumbent advanced to general.
California 39,D+12,Mark Takano,Democratic,Incumbent advanced to general.
California 40,R+2,Young Kim,Republican,Incumbent advanced to general.
California 41,R+3,Ken Calvert,Republican,Incumbent advanced to general.
California 42,D+22,Robert Garcia,Democratic,Incumbent advanced to general.
California 43,D+32,Maxine Waters,Democratic,Incumbent advanced to general.
California 44,D+24,Nanette Barragán,Democratic,Incumbent advanced to general.
California 45,D+2,Michelle Steel,Republican,Incumbent advanced to general.
California 46,D+15,Lou Correa,Democratic,Incumbent advanced to general.
California 47,D+3,Katie Porter,Democratic,"Incumbent retiring to
run for U.S. Senate."
California 48,R+9,Darrell Issa,Republican,Incumbent advanced to general.
California 49,D+3,Mike Levin,Democratic,Incumbent advanced to general.
California 50,D+14,Scott Peters,Democratic,Incumbent advanced to general.
California 51,D+12,Sara Jacobs,Democratic,Incumbent advanced to general.
California 52,D+18,Juan Vargas,Democratic,Incumbent advanced to general.
Colorado 1,D+29,Diana DeGette,Democratic,Incumbent renominated.
Colorado 2,D+17,Joe Neguse,Democratic,Incumbent renominated.
Colorado 3,R+7,Lauren Boebert,Republican,"Incumbent moved to the 4th district.
New member to be elected."
Colorado 4,R+13,Greg Lopez,Republican,Incumbent retiring.
Colorado 5,R+9,Doug Lamborn,Republican,Incumbent retiring.
Colorado 6,D+9,Jason Crow,Democratic,Incumbent renominated.
Colorado 7,D+4,Brittany Pettersen,Democratic,Incumbent renominated.
Colorado 8,EVEN,Yadira Caraveo,Democratic,Incumbent renominated.
Connecticut 1,D+12,John B. Larson,Democratic,Incumbent renominated.
Connecticut 2,D+3,Joe Courtney,Democratic,Incumbent renominated.
Connecticut 3,D+7,Rosa DeLauro,Democratic,Incumbent renominated.
Connecticut 4,D+13,Jim Himes,Democratic,Incumbent renominated.
Connecticut 5,D+3,Jahana Hayes,Democratic,Incumbent renominated.
Delaware at-large,D+7,Lisa Blunt Rochester,Democratic,Incumbent retiring to run for U.S. Senate.
Florida 1,R+19,Matt Gaetz,Republican,Incumbent renominated.
Florida 2,R+8,Neal Dunn,Republican,Incumbent renominated.
Florida 3,R+9,Kat Cammack,Republican,Incumbent renominated.
Florida 4,R+6,Aaron Bean,Republican,Incumbent renominated.
Florida 5,R+11,John Rutherford,Republican,Incumbent renominated.
Florida 6,R+14,Michael Waltz,Republican,Incumbent renominated.
Florida 7,R+5,Cory Mills,Republican,Incumbent renominated.
Florida 8,R+11,Bill Posey,Republican,Incumbent retiring.
Florida 9,D+8,Darren Soto,Democratic,Incumbent renominated.
Florida 10,D+14,Maxwell Frost,Democratic,Incumbent renominated.
Florida 11,R+8,Daniel Webster,Republican,Incumbent renominated.
Florida 12,R+17,Gus Bilirakis,Republican,Incumbent renominated.
Florida 13,R+6,Anna Paulina Luna,Republican,Incumbent renominated.
Florida 14,D+8,Kathy Castor,Democratic,Incumbent renominated.
Florida 15,R+4,Laurel Lee,Republican,Incumbent renominated.
Florida 16,R+7,Vern Buchanan,Republican,Incumbent renominated.
Florida 17,R+10,Greg Steube,Republican,Incumbent renominated.
Florida 18,R+13,Scott Franklin,Republican,Incumbent renominated.
Florida 19,R+13,Byron Donalds,Republican,Incumbent renominated.
Florida 20,D+25,Sheila Cherfilus-McCormick,Democratic,Incumbent running unopposed.
Florida 21,R+7,Brian Mast,Republican,Incumbent renominated.
Florida 22,D+7,Lois Frankel,Democratic,Incumbent renominated.
Florida 23,D+5,Jared Moskowitz,Democratic,Incumbent renominated.
Florida 24,D+25,Frederica Wilson,Democratic,Incumbent renominated.
Florida 25,D+9,Debbie Wasserman Schultz,Democratic,Incumbent renominated.
Florida 26,R+8,Mario Díaz-Balart,Republican,Incumbent renominated.
Florida 27,EVEN,María Elvira Salazar,Republican,Incumbent renominated.
Florida 28,R+2,Carlos A. Giménez,Republican,Incumbent renominated.
Georgia 1,R+9[i],Buddy Carter,Republican,Incumbent renominated.
Georgia 2,D+3[i],Sanford Bishop,Democratic,Incumbent renominated.
Georgia 3,R+18[i],Drew Ferguson,Republican,Incumbent retiring.
Georgia 4,D+27[i],Hank Johnson,Democratic,Incumbent renominated.
Georgia 5,D+35[i],Nikema Williams,Democratic,Incumbent renominated.
Georgia 6,D+22[i],"Lucy McBath
Redistricted from the 7th district",Democratic,Incumbent renominated.
Georgia 7,R+13[i],"Rich McCormick
Redistricted from the 6th district",Republican,Incumbent renominated.
Georgia 8,R+16[i],Austin Scott,Republican,Incumbent renominated.
Georgia 9,R+20[i],Andrew Clyde,Republican,Incumbent renominated.
Georgia 10,R+14[i],Mike Collins,Republican,Incumbent renominated.
Georgia 11,R+14[i],Barry Loudermilk,Republican,Incumbent renominated.
Georgia 12,R+8[i],Rick Allen,Republican,Incumbent renominated.
Georgia 13,D+17[i],David Scott,Democratic,Incumbent renominated.
Georgia 14,R+22[i],Marjorie Taylor Greene,Republican,Incumbent renominated.
Hawaii 1,D+14,Ed Case,Democratic,Incumbent renominated.
Hawaii 2,D+14,Jill Tokuda,Democratic,Incumbent renominated.
Idaho 1,R+22,Russ Fulcher,Republican,Incumbent renominated.
Idaho 2,R+14,Mike Simpson,Republican,Incumbent renominated.
Illinois 1,D+20,Jonathan Jackson,Democratic,Incumbent renominated.
Illinois 2,D+19,Robin Kelly,Democratic,Incumbent renominated.
Illinois 3,D+20,Delia Ramirez,Democratic,Incumbent renominated.
Illinois 4,D+22,Chuy García,Democratic,Incumbent renominated.
Illinois 5,D+18,Mike Quigley,Democratic,Incumbent renominated.
Illinois 6,D+3,Sean Casten,Democratic,Incumbent renominated.
Illinois 7,D+36,Danny Davis,Democratic,Incumbent renominated.
Illinois 8,D+6,Raja Krishnamoorthi,Democratic,Incumbent renominated.
Illinois 9,D+19,Jan Schakowsky,Democratic,Incumbent renominated.
Illinois 10,D+11,Brad Schneider,Democratic,Incumbent renominated.
Illinois 11,D+5,Bill Foster,Democratic,Incumbent renominated.
Illinois 12,R+24,Mike Bost,Republican,Incumbent renominated.
Illinois 13,D+3,Nikki Budzinski,Democratic,Incumbent renominated.
Illinois 14,D+4,Lauren Underwood,Democratic,Incumbent renominated.
Illinois 15,R+22,Mary Miller,Republican,Incumbent running unopposed.
Illinois 16,R+13,Darin LaHood,Republican,Incumbent running unopposed.
Illinois 17,D+2,Eric Sorensen,Democratic,Incumbent renominated.
Indiana 1,D+3,Frank J. Mrvan,Democratic,Incumbent renominated.
Indiana 2,R+14,Rudy Yakym,Republican,Incumbent renominated.
Indiana 3,R+18,Jim Banks,Republican,"Incumbent retiring to
run for U.S. Senate."
Indiana 4,R+18,Jim Baird,Republican,Incumbent renominated.
Indiana 5,R+11,Victoria Spartz,Republican,Incumbent renominated.
Indiana 6,R+19,Greg Pence,Republican,Incumbent retiring.
Indiana 7,D+19,André Carson,Democratic,Incumbent renominated.
Indiana 8,R+19,Larry Bucshon,Republican,Incumbent retiring.
Indiana 9,R+16,Erin Houchin,Republican,Incumbent renominated.
Iowa 1,R+3,Mariannette Miller-Meeks,Republican,Incumbent renominated.
Iowa 2,R+4,Ashley Hinson,Republican,Incumbent renominated.
Iowa 3,R+3,Zach Nunn,Republican,Incumbent renominated.
Iowa 4,R+16,Randy Feenstra,Republican,Incumbent renominated.
Kansas 1,R+18,Tracey Mann,Republican,Incumbent renominated.
Kansas 2,R+11,Jake LaTurner,Republican,Incumbent retiring.
Kansas 3,R+1,Sharice Davids,Democratic,Incumbent renominated.
Kansas 4,R+14,Ron Estes,Republican,Incumbent renominated.
Kentucky 1,R+24,James Comer,Republican,Incumbent renominated.
Kentucky 2,R+21,Brett Guthrie,Republican,Incumbent renominated.
Kentucky 3,D+9,Morgan McGarvey,Democratic,Incumbent renominated.
Kentucky 4,R+19,Thomas Massie,Republican,Incumbent running unopposed.
Kentucky 5,R+32,Hal Rogers,Republican,Incumbent running unopposed.
Kentucky 6,R+9,Andy Barr,Republican,Incumbent renominated.
Louisiana 1,R+22[j],Steve Scalise,Republican,Incumbent running.
Louisiana 2,D+16[j],Troy Carter,Democratic,Incumbent running.
Louisiana 3,R+22[j],Clay Higgins,Republican,Incumbent running.
Louisiana 4,R+26[j],Mike Johnson,Republican,Incumbent running.
Louisiana 5,R+19[j],Julia Letlow,Republican,Incumbent running.
Louisiana 6,D+8[j],Garret Graves,Republican,Incumbent retiring.
Maine 1,D+9,Chellie Pingree,Democratic,Incumbent renominated.
Maine 2,R+6,Jared Golden,Democratic,Incumbent renominated.
Maryland 1,R+11,Andy Harris,Republican,Incumbent renominated.
Maryland 2,D+7,Dutch Ruppersberger,Democratic,Incumbent retiring.
Maryland 3,D+10,John Sarbanes,Democratic,Incumbent retiring.
Maryland 4,D+40,Glenn Ivey,Democratic,Incumbent renominated.
Maryland 5,D+15,Steny Hoyer,Democratic,Incumbent renominated.
Maryland 6,D+2,David Trone,Democratic,"Incumbent retiring to
run for U.S. Senate."
Maryland 7,D+30,Kweisi Mfume,Democratic,Incumbent renominated.
Maryland 8,D+29,Jamie Raskin,Democratic,Incumbent renominated.
Massachusetts 1,D+9,Richard Neal,Democratic,Incumbent renominated.
Massachusetts 2,D+13,Jim McGovern,Democratic,Incumbent renominated.
Massachusetts 3,D+11,Lori Trahan,Democratic,Incumbent running unopposed.
Massachusetts 4,D+12,Jake Auchincloss,Democratic,Incumbent running unopposed.
Massachusetts 5,D+23,Katherine Clark,Democratic,Incumbent running unopposed.
Massachusetts 6,D+11,Seth Moulton,Democratic,Incumbent running unopposed.
Massachusetts 7,D+35,Ayanna Pressley,Democratic,Incumbent running unopposed.
Massachusetts 8,D+15,Stephen Lynch,Democratic,Incumbent renominated.
Massachusetts 9,D+6,Bill Keating,Democratic,Incumbent renominated.
Michigan 1,R+13,Jack Bergman,Republican,Incumbent renominated.
Michigan 2,R+16,John Moolenaar,Republican,Incumbent renominated.
Michigan 3,D+1,Hillary Scholten,Democratic,Incumbent renominated.
Michigan 4,R+5,Bill Huizenga,Republican,Incumbent renominated.
Michigan 5,R+15,Tim Walberg,Republican,Incumbent renominated.
Michigan 6,D+11,Debbie Dingell,Democratic,Incumbent renominated.
Michigan 7,R+2,Elissa Slotkin,Democratic,"Incumbent retiring to
run for U.S. Senate."
Michigan 8,R+1,Dan Kildee,Democratic,Incumbent retiring.
Michigan 9,R+18,Lisa McClain,Republican,Incumbent renominated.
Michigan 10,R+3,John James,Republican,Incumbent renominated.
Michigan 11,D+7,Haley Stevens,Democratic,Incumbent renominated.
Michigan 12,D+23,Rashida Tlaib,Democratic,Incumbent renominated.
Michigan 13,D+23,Shri Thanedar,Democratic,Incumbent renominated.
Minnesota 1,R+7,Brad Finstad,Republican,Incumbent renominated.
Minnesota 2,D+1,Angie Craig,DFL,Incumbent renominated.
Minnesota 3,D+8,Dean Phillips,DFL,Incumbent retiring to run for president.
Minnesota 4,D+17,Betty McCollum,DFL,Incumbent renominated.
Minnesota 5,D+30,Ilhan Omar,DFL,Incumbent renominated.
Minnesota 6,R+12,Tom Emmer,Republican,Incumbent renominated.
Minnesota 7,R+19,Michelle Fischbach,Republican,Incumbent renominated.
Minnesota 8,R+8,Pete Stauber,Republican,Incumbent renominated.
Mississippi 1,R+18,Trent Kelly,Republican,Incumbent renominated.
Mississippi 2,D+11,Bennie Thompson,Democratic,Incumbent renominated.
Mississippi 3,R+15,Michael Guest,Republican,Incumbent running unopposed.
Mississippi 4,R+22,Mike Ezell,Republican,Incumbent renominated.
Missouri 1,D+27,Cori Bush,Democratic,Incumbent lost renomination.
Missouri 2,R+7,Ann Wagner,Republican,Incumbent renominated.
Missouri 3,R+16,Blaine Luetkemeyer,Republican,Incumbent retiring.
Missouri 4,R+23,Mark Alford,Republican,Incumbent renominated.
Missouri 5,D+11,Emanuel Cleaver,Democratic,Incumbent renominated.
Missouri 6,R+21,Sam Graves,Republican,Incumbent renominated.
Missouri 7,R+24,Eric Burlison,Republican,Incumbent renominated.
Missouri 8,R+28,Jason Smith,Republican,Incumbent renominated.
Montana 1,R+6,Ryan Zinke,Republican,Incumbent renominated.
Montana 2,R+16,Matt Rosendale,Republican,Incumbent retiring.
Nebraska 1,R+9,Mike Flood,Republican,Incumbent renominated.
Nebraska 2,EVEN,Don Bacon,Republican,Incumbent renominated.
Nebraska 3,R+29,Adrian Smith,Republican,Incumbent renominated.
Nevada 1,D+3,Dina Titus,Democratic,Incumbent renominated.
Nevada 2,R+8,Mark Amodei,Republican,Incumbent renominated.
Nevada 3,D+1,Susie Lee,Democratic,Incumbent renominated.
Nevada 4,D+3,Steven Horsford,Democratic,Incumbent renominated.
New Hampshire 1,EVEN,Chris Pappas,Democratic,Incumbent renominated.
New Hampshire 2,D+2,Annie Kuster,Democratic,Incumbent retiring.
New Jersey 1,D+10,Donald Norcross,Democratic,Incumbent renominated.
New Jersey 2,R+5,Jeff Van Drew,Republican,Incumbent renominated.
New Jersey 3,D+5,Andy Kim,Democratic,"Incumbent retiring to
run for U.S. Senate."
New Jersey 4,R+14,Chris Smith,Republican,Incumbent renominated.
New Jersey 5,D+4,Josh Gottheimer,Democratic,Incumbent renominated.
New Jersey 6,D+8,Frank Pallone,Democratic,Incumbent renominated.
New Jersey 7,R+1,Thomas Kean Jr.,Republican,Incumbent renominated.
New Jersey 8,D+22,Rob Menendez,Democratic,Incumbent renominated.
New Jersey 9,D+8,Vacant,,"Rep. Bill Pascrell (D) died August 21, 2024."
New Jersey 10,D+30,LaMonica McIver,Democratic,Incumbent renominated.
New Jersey 11,D+6,Mikie Sherrill,Democratic,Incumbent renominated.
New Jersey 12,D+12,Bonnie Watson Coleman,Democratic,Incumbent renominated.
New Mexico 1,D+5,Melanie Stansbury,Democratic,Incumbent renominated.
New Mexico 2,D+1,Gabe Vasquez,Democratic,Incumbent renominated.
New Mexico 3,D+4,Teresa Leger Fernandez,Democratic,Incumbent renominated.
New York 1,R+4[l],Nick LaLota,Republican,Incumbent renominated.
New York 2,R+4[l],Andrew Garbarino,Republican,Incumbent renominated.
New York 3,D+3[l],Tom Suozzi,Democratic,Incumbent renominated.
New York 4,D+5[l],Anthony D'Esposito,Republican,Incumbent renominated.
New York 5,D+30[l],Gregory Meeks,Democratic,Incumbent renominated.
New York 6,D+14[l],Grace Meng,Democratic,Incumbent renominated.
New York 7,D+30[l],Nydia Velázquez,Democratic,Incumbent renominated.
New York 8,D+27[l],Hakeem Jeffries,Democratic,Incumbent renominated.
New York 9,D+25[l],Yvette Clarke,Democratic,Incumbent renominated.
New York 10,D+34[l],Dan Goldman,Democratic,Incumbent renominated.
New York 11,R+6[l],Nicole Malliotakis,Republican,Incumbent renominated.
New York 12,D+34[l],Jerry Nadler,Democratic,Incumbent renominated.
New York 13,D+38[l],Adriano Espaillat,Democratic,Incumbent renominated.
New York 14,D+27[l],Alexandria Ocasio-Cortez,Democratic,Incumbent renominated.
New York 15,D+35[l],Ritchie Torres,Democratic,Incumbent renominated.
New York 16,D+21[l],Jamaal Bowman,Democratic,Incumbent lost renomination.
New York 17,D+3[l],Mike Lawler,Republican,Incumbent renominated.
New York 18,D+2[l],Pat Ryan,Democratic,Incumbent renominated.
New York 19,R+1[l],Marc Molinaro,Republican,Incumbent renominated.
New York 20,D+7[l],Paul Tonko,Democratic,Incumbent renominated.
New York 21,R+10[l],Elise Stefanik,Republican,Incumbent renominated.
New York 22,D+3[l],Brandon Williams,Republican,Incumbent renonimated
New York 23,R+12[l],Nick Langworthy,Republican,Incumbent renominated.
New York 24,R+13[l],Claudia Tenney,Republican,Incumbent renominated.
New York 25,D+8[l],Joseph Morelle,Democratic,Incumbent renominated.
New York 26,D+10[l],Tim Kennedy,Democratic,Incumbent renominated.
North Carolina 1,R+1[m],Don Davis,Democratic,Incumbent renominated.
North Carolina 2,D+15[m],Deborah Ross,Democratic,Incumbent renominated.
North Carolina 3,R+11[m],Greg Murphy,Republican,Incumbent renominated.
North Carolina 4,D+21[m],Valerie Foushee,Democratic,Incumbent renominated.
North Carolina 5,R+10[m],Virginia Foxx,Republican,Incumbent renominated.
,,"Kathy Manning
Redistricted from the 6th district",Democratic,"Incumbent retiring.
Democratic loss."
North Carolina 6,R+11[m],None (new seat),,New member to be elected.
North Carolina 7,R+8[m],David Rouzer,Republican,Incumbent renominated.
North Carolina 8,R+11[m],Dan Bishop,Republican,"Incumbent retiring to
run for attorney general."
North Carolina 9,R+9[m],Richard Hudson,Republican,Incumbent renominated.
North Carolina 10,R+10[m],Patrick McHenry,Republican,Incumbent retiring.
North Carolina 11,R+8[m],Chuck Edwards,Republican,Incumbent renominated.
North Carolina 12,D+23[m],Alma Adams,Democratic,Incumbent renominated.
North Carolina 13,R+11[m],Wiley Nickel,Democratic,Incumbent retiring.
North Carolina 14,R+11[m],Jeff Jackson,Democratic,"Incumbent retiring to
run for attorney general."
North Dakota at-large,R+20,Kelly Armstrong,Republican,"Incumbent retiring to
run for governor."
Ohio 1,D+2,Greg Landsman,Democratic,Incumbent renominated.
Ohio 2,R+25,Brad Wenstrup,Republican,Incumbent retiring.
Ohio 3,D+20,Joyce Beatty,Democratic,Incumbent renominated.
Ohio 4,R+20,Jim Jordan,Republican,Incumbent renominated.
Ohio 5,R+15,Bob Latta,Republican,Incumbent renominated.
Ohio 6,R+16,Michael Rulli,Republican,Incumbent renominated.
Ohio 7,R+7,Max Miller,Republican,Incumbent renominated.
Ohio 8,R+14,Warren Davidson,Republican,Incumbent renominated.
Ohio 9,R+3,Marcy Kaptur,Democratic,Incumbent renominated.
Ohio 10,R+4,Mike Turner,Republican,Incumbent renominated.
Ohio 11,D+28,Shontel Brown,Democratic,Incumbent renominated.
Ohio 12,R+18,Troy Balderson,Republican,Incumbent renominated.
Ohio 13,R+1,Emilia Sykes,Democratic,Incumbent renominated.
Ohio 14,R+9,David Joyce,Republican,Incumbent renominated.
Ohio 15,R+6,Mike Carey,Republican,Incumbent renominated.
Oklahoma 1,R+14,Kevin Hern,Republican,Incumbent renominated.
Oklahoma 2,R+29,Josh Brecheen,Republican,Incumbent renominated.
Oklahoma 3,R+24,Frank Lucas,Republican,Incumbent running unopposed.
Oklahoma 4,R+19,Tom Cole,Republican,Incumbent renominated.
Oklahoma 5,R+12,Stephanie Bice,Republican,Incumbent renominated.
Oregon 1,D+18,Suzanne Bonamici,Democratic,Incumbent renominated.
Oregon 2,R+15,Cliff Bentz,Republican,Incumbent renominated.
Oregon 3,D+22,Earl Blumenauer,Democratic,Incumbent retiring.
Oregon 4,D+4,Val Hoyle,Democratic,Incumbent renominated.
Oregon 5,D+2,Lori Chavez-DeRemer,Republican,Incumbent renominated.
Oregon 6,D+4,Andrea Salinas,Democratic,Incumbent renominated.
Pennsylvania 1,EVEN,Brian Fitzpatrick,Republican,Incumbent renominated.
Pennsylvania 2,D+20,Brendan Boyle,Democratic,Incumbent renominated.
Pennsylvania 3,D+39,Dwight Evans,Democratic,Incumbent running unopposed.
Pennsylvania 4,D+7,Madeleine Dean,Democratic,Incumbent renominated.
Pennsylvania 5,D+14,Mary Gay Scanlon,Democratic,Incumbent renominated.
Pennsylvania 6,D+5,Chrissy Houlahan,Democratic,Incumbent renominated.
Pennsylvania 7,R+2,Susan Wild,Democratic,Incumbent renominated.
Pennsylvania 8,R+4,Matt Cartwright,Democratic,Incumbent renominated.
Pennsylvania 9,R+21,Dan Meuser,Republican,Incumbent renominated.
Pennsylvania 10,R+5,Scott Perry,Republican,Incumbent renominated.
Pennsylvania 11,R+13,Lloyd Smucker,Republican,Incumbent renominated.
Pennsylvania 12,D+8,Summer Lee,Democratic,Incumbent renominated.
Pennsylvania 13,R+25,John Joyce,Republican,Incumbent renominated.
Pennsylvania 14,R+18,Guy Reschenthaler,Republican,Incumbent renominated.
Pennsylvania 15,R+21,Glenn Thompson,Republican,Incumbent renominated.
Pennsylvania 16,R+13,Mike Kelly,Republican,Incumbent renominated.
Pennsylvania 17,EVEN,Chris Deluzio,Democratic,Incumbent renominated.
Rhode Island 1,D+12,Gabe Amo,Democratic,Incumbent renominated.
Rhode Island 2,D+4,Seth Magaziner,Democratic,Incumbent renominated.
South Carolina 1,R+7,Nancy Mace,Republican,Incumbent renominated.
South Carolina 2,R+8,Joe Wilson,Republican,Incumbent renominated.
South Carolina 3,R+21,Jeff Duncan,Republican,Incumbent retiring.
South Carolina 4,R+12,William Timmons,Republican,Incumbent renominated.
South Carolina 5,R+12,Ralph Norman,Republican,Incumbent renominated.
South Carolina 6,D+14,Jim Clyburn,Democratic,Incumbent renominated.
South Carolina 7,R+11,Russell Fry,Republican,Incumbent renominated.
South Dakota at-large,R+16,Dusty Johnson,Republican,Incumbent renominated.
Tennessee 1,R+30,Diana Harshbarger,Republican,Incumbent renominated.
Tennessee 2,R+18,Tim Burchett,Republican,Incumbent renominated.
Tennessee 3,R+19,Chuck Fleischmann,Republican,Incumbent renominated.
Tennessee 4,R+22,Scott DesJarlais,Republican,Incumbent renominated.
Tennessee 5,R+9,Andy Ogles,Republican,Incumbent renominated.
Tennessee 6,R+17,John Rose,Republican,Incumbent renominated.
Tennessee 7,R+10,Mark Green,Republican,Incumbent renominated.
Tennessee 8,R+21,David Kustoff,Republican,Incumbent renominated.
Tennessee 9,D+22,Steve Cohen,Democratic,Incumbent renominated.
Texas 1,R+26,Nathaniel Moran,Republican,Incumbent running unopposed.
Texas 2,R+15,Dan Crenshaw,Republican,Incumbent renominated.
Texas 3,R+11,Keith Self,Republican,Incumbent renominated.
Texas 4,R+16,Pat Fallon,Republican,Incumbent renominated.
Texas 5,R+14,Lance Gooden,Republican,Incumbent renominated.
Texas 6,R+15,Jake Ellzey,Republican,Incumbent renominated.
Texas 7,D+13,Lizzie Fletcher,Democratic,Incumbent renominated.
Texas 8,R+16,Morgan Luttrell,Republican,Incumbent renominated.
Texas 9,D+26,Al Green,Democratic,Incumbent running unopposed.
Texas 10,R+13,Michael McCaul,Republican,Incumbent renominated.
Texas 11,R+23,August Pfluger,Republican,Incumbent renominated.
Texas 12,R+12,Kay Granger,Republican,Incumbent retiring.
Texas 13,R+26,Ronny Jackson,Republican,Incumbent renominated.
Texas 14,R+17,Randy Weber,Republican,Incumbent renominated.
Texas 15,R+1,Monica De La Cruz,Republican,Incumbent renominated.
Texas 16,D+17,Veronica Escobar,Democratic,Incumbent renominated.
Texas 17,R+14,Pete Sessions,Republican,Incumbent renominated.
Texas 18,D+23,Vacant,,"Rep. Sheila Jackson Lee (D) died July 19, 2024.
Different member to be elected to unexpired term; see above."
Texas 19,R+26,Jodey Arrington,Republican,Incumbent renominated.
Texas 20,D+15,Joaquin Castro,Democratic,Incumbent running unopposed.
Texas 21,R+13,Chip Roy,Republican,Incumbent renominated.
Texas 22,R+11,Troy Nehls,Republican,Incumbent renominated.
Texas 23,R+5,Tony Gonzales,Republican,Incumbent renominated.
Texas 24,R+10,Beth Van Duyne,Republican,Incumbent renominated.
Texas 25,R+19,Roger Williams,Republican,Incumbent running unopposed.
Texas 26,R+13,Michael C. Burgess,Republican,Incumbent retiring.
Texas 27,R+13,Michael Cloud,Republican,Incumbent renominated.
Texas 28,D+3,Henry Cuellar,Democratic,Incumbent renominated.
Texas 29,D+18,Sylvia Garcia,Democratic,Incumbent renominated.
Texas 30,D+27,Jasmine Crockett,Democratic,Incumbent renominated..
Texas 31,R+14,John Carter,Republican,Incumbent renominated.
Texas 32,D+14,Colin Allred,Democratic,"Incumbent retiring to
run for U.S. Senate."
Texas 33,D+24,Marc Veasey,Democratic,Incumbent renominated.
Texas 34,D+9,Vicente Gonzalez,Democratic,Incumbent renominated.
Texas 35,D+21,Greg Casar,Democratic,Incumbent renominated.
Texas 36,R+18,Brian Babin,Republican,Incumbent renominated.
Texas 37,D+24,Lloyd Doggett,Democratic,Incumbent renominated.
Texas 38,R+12,Wesley Hunt,Republican,Incumbent renominated.
Utah 1,R+12,Blake Moore,Republican,Incumbent renominated.
Utah 2,R+11,Celeste Maloy,Republican,Incumbent renominated.
Utah 3,R+13,John Curtis,Republican,"Incumbent retiring to
run for U.S. Senate."
Utah 4,R+16,Burgess Owens,Republican,Incumbent renominated.
Vermont at-large,D+16,Becca Balint,Democratic,Incumbent renominated.
Virginia 1,R+6,Rob Wittman,Republican,Incumbent renominated.
Virginia 2,R+2,Jen Kiggans,Republican,Incumbent renominated.
Virginia 3,D+17,Bobby Scott,Democratic,Incumbent renominated.
Virginia 4,D+16,Jennifer McClellan,Democratic,Incumbent renominated.
Virginia 5,R+7,Bob Good,Republican,Incumbent lost renomination.
Virginia 6,R+14,Ben Cline,Republican,Incumbent renominated.
Virginia 7,D+1,Abigail Spanberger,Democratic,"Incumbent retiring to
run for governor."
Virginia 8,D+26,Don Beyer,Democratic,Incumbent renominated.
Virginia 9,R+23,Morgan Griffith,Republican,Incumbent renominated.
Virginia 10,D+6,Jennifer Wexton,Democratic,Incumbent retiring.
Virginia 11,D+18,Gerry Connolly,Democratic,Incumbent renominated.
Washington 1,D+13,Suzan DelBene,Democratic,Incumbent advanced to general.
Washington 2,D+9,Rick Larsen,Democratic,Incumbent advanced to general.
Washington 3,R+5,Marie Gluesenkamp Perez,Democratic,Incumbent advanced to general.
Washington 4,R+11,Dan Newhouse,Republican,Incumbent advanced to general.
Washington 5,R+8,Cathy McMorris Rodgers,Republican,Incumbent retiring.
Washington 6,D+6,Derek Kilmer,Democratic,Incumbent retiring.
Washington 7,D+36,Pramila Jayapal,Democratic,Incumbent advanced to general.
Washington 8,D+1,Kim Schrier,Democratic,Incumbent advanced to general.
Washington 9,D+21,Adam Smith,Democratic,Incumbent advanced to general.
Washington 10,D+7,Marilyn Strickland,Democratic,Incumbent advanced to general.
West Virginia 1,R+23,Carol Miller,Republican,Incumbent renominated.
West Virginia 2,R+22,Alex Mooney,Republican,"Incumbent retiring to
run for U.S. Senate."
Wisconsin 1,R+3,Bryan Steil,Republican,Incumbent renominated.
Wisconsin 2,D+19,Mark Pocan,Democratic,Incumbent renominated.
Wisconsin 3,R+4,Derrick Van Orden,Republican,Incumbent renominated.
Wisconsin 4,D+25,Gwen Moore,Democratic,Incumbent renominated.
Wisconsin 5,R+14,Scott Fitzgerald,Republican,Incumbent renominated.
Wisconsin 6,R+10,Glenn Grothman,Republican,Incumbent renominated.
Wisconsin 7,R+12,Tom Tiffany,Republican,Incumbent renominated.
Wisconsin 8,R+10,Vacant,,"Rep. Mike Gallagher (R) resigned April 24, 2024.
New member also to be elected to the unexpired term; see above."
Wyoming at-large,R+25,Harriet Hageman,Republican,Incumbent renominated.